feature,importance,label
PotashF_wtpct,0.33266596624084666,Potash Feldspar
AG98_wtpct,0.17283839143076524,AG98
AG23_wtpct,0.16700765356849834,AG23
AG22_wtpct,0.14276639128715712,AG22
SodaF_wtpct,0.13158708766905983,Soda Feldspar
Crushing_wtpct,0.033015683386520035,Crushing
ETP_wtpct,0.01281580978847716,ETP Clay
NaSil_wtpct,0.007303016628675679,Na-Silicate
