,MOR_MPa,WA_pct,Shrinkage_pct
AG98_wtpct,0.400890317260771,-0.6436689204388464,0.498155636950611
AG22_wtpct,0.3398101272524499,-0.09089654897710112,0.5003439361352519
AG23_wtpct,0.5183441020657541,-0.4883521116238643,0.4909491484184839
SodaF_wtpct,-0.0695335412426172,0.2951544876934184,-0.3039509100662868
PotashF_wtpct,-0.7610410060873642,0.6567929119997373,-0.5778982771316992
Crushing_wtpct,0.16923190093395923,-0.14769020809090447,-0.062201652730664976
ETP_wtpct,0.058361088686796944,-0.08447470510674425,0.03865231379078165
NaSil_wtpct,-0.03311250388149299,0.0679519598447916,-0.05715416070448474
