AG98,AG22,AG23,SodaF,PotashF,Crushing,ETP,NaSil,MOR_MPa,WA_pct,Shrinkage_pct
16.64899793023373,3.7568781866828207,14.681205512645768,38.91564440405876,20.46746428391135,2.2939068100358417,2.2939068100358417,0.9419960623958806,41.854782199999995,3.5890185999999997,10.23
16.262837371626286,2.9969700302996967,13.329866701332987,42.82657173428265,17.493825061749384,3.4599654003459963,2.9329706702932965,0.6969930300696993,58.128917875,3.5046535,11.56
17.224172241722417,3.0550305503055033,13.049130491304913,38.569385693856944,20.01220012200122,4.0080400804008045,3.3770337703377034,0.7050070500705007,60.737486775,3.4149516999999996,11.32
18.631000000000007,3.2090000000000005,12.299000000000003,40.477000000000004,18.641000000000005,2.9690000000000007,2.906000000000001,0.8680000000000002,46.380551174999994,3.4416341000000004,10.8
18.288,3.531,11.694,38.474,20.491,3.1709999999999994,3.04,1.311,61.6053753,3.7089799,11.18
16.078160781607817,3.726037260372604,13.321133211332114,42.473424734247345,17.78417784177842,3.1040310403104034,2.6240262402624026,0.889008890088901,44.399607874999994,3.4241008,10.27
17.857142857142858,2.976190476190476,11.904761904761903,44.047619047619044,17.857142857142858,2.380952380952381,2.380952380952381,0.5952380952380952,62.55662034999999,3.4015332000000003,11.63
17.841213202497773,3.568242640499554,13.380909901873327,38.35860838537021,19.625334522747547,3.12221231043711,2.7653880463871543,1.3380909901873328,50.602314,3.4940565,10.88
