{
  "MOR_MPa_min": 41.854782199999995,
  "MOR_MPa_max": 68.81228238499999,
  "WA_pct_min": 3.4015332000000003,
  "WA_pct_max": 4.079877890000001,
  "Shrinkage_pct_min": 10.23,
  "Shrinkage_pct_max": 12.793000000000001
}